﻿<?xml version="1.0" encoding="UTF-8"?>
<Empresa>
    <Departamento>
      <Contabilidad>
          <Empleados> 
           <Empleado>
              <Nombre>Adrian</Nombre>
              <Apellido1>Sanchez</Apellido1>
              <Apellido2>Nieto</Apellido2>
             </Empleado>
              <Empleado>
              <Nombre>Manolo</Nombre>
              <Apellido1>Sanchez</Apellido1>
              <Apellido2>Juguera</Apellido2>
             </Empleado>
             <Empleado>
              <Nombre>Fran</Nombre>
              <Apellido1>Dominguez</Apellido1>
              <Apellido2>Nieto</Apellido2>
           </Empleado>
          </Empleados>
      </Contabilidad>
      <Desarrolladores>
          <Empleados>
           <Empleado>
              <Nombre>Felipe</Nombre>
              <Apellido1>Sanchez</Apellido1>
              <Apellido2>Nieto</Apellido2>
            </Empleado>
            <Empleado>
              <Nombre>Rocio</Nombre>
              <Apellido1>Sanchez</Apellido1>
              <Apellido2>Juguera</Apellido2>
            </Empleado>
            <Empleado>
              <Nombre>Rafa</Nombre>
              <Apellido1>Dominguez</Apellido1>
              <Apellido2>Nieto</Apellido2>
            </Empleado>
            
          </Empleados>
      </Desarrolladores>
      <Marketing>
          <Empleados>
           <Empleado>
              <Nombre>Alvaro</Nombre>
              <Apellido1>Sanchez</Apellido1>
              <Apellido2>Nieto</Apellido2>
            </Empleado>
            <Empleado>
              <Nombre>Iker</Nombre>
              <Apellido1>Sanchez</Apellido1>
              <Apellido2>Juguera</Apellido2>
            </Empleado>
            <Empleado>
              <Nombre>Alejandro</Nombre>
              <Apellido1>Dominguez</Apellido1>
              <Apellido2>Nieto</Apellido2>
            </Empleado>
          </Empleados>
      </Marketing>
    </Departamento>
</Empresa>